{"position":{"x":4.893524169921875,"y":1.0800000429153443,"z":2.730050802230835},"rotation":{"x":0.0,"y":-0.9850565791130066,"z":0.0,"w":0.17223121225833894},"inventory":[{"item":{"instanceID":15344},"count":1}],"dataItems":[{"name":"PickupApple","dataType":1,"bData":true,"iData":1}]}